{"cameraMode":{"drawMode":0,"name":"Shaded","section":"Shading Mode"},"sceneLighting":false,"audioPlay":false,"sceneViewState":{"showFog":true,"showMaterialUpdate":false,"showSkybox":false,"showFlares":true,"showImageEffects":true,"showParticleSystems":true},"in2DMode":false,"pivot":{"x":16.678565979003908,"y":-0.00000762939453125,"z":-3.8467559814453127},"rotation":{"x":0.40228769183158877,"y":0.2229311764240265,"z":-0.10154205560684204,"w":0.8822000026702881},"size":24.595121383666993,"orthographic":false}