{"cameraMode":{"drawMode":0,"name":"Shaded","section":"Shading Mode"},"sceneLighting":false,"audioPlay":false,"sceneViewState":{"showFog":true,"showMaterialUpdate":false,"showSkybox":false,"showFlares":true,"showImageEffects":true,"showParticleSystems":true},"in2DMode":false,"pivot":{"x":1.7308013439178467,"y":-2.0609869956970217,"z":2.47898006439209},"rotation":{"x":0.3375403583049774,"y":0.18775546550750733,"z":-0.06867107003927231,"w":0.9199731945991516},"size":2.6443774700164797,"orthographic":false}