{"cameraMode":{"drawMode":0,"name":"Shaded","section":"Shading Mode"},"sceneLighting":false,"audioPlay":false,"sceneViewState":{"showFog":true,"showMaterialUpdate":false,"showSkybox":false,"showFlares":true,"showImageEffects":true,"showParticleSystems":true},"in2DMode":false,"pivot":{"x":-2.2110300064086916,"y":0.056916236877441409,"z":9.707582473754883},"rotation":{"x":0.10795475542545319,"y":0.38445836305618288,"z":-0.04523566737771034,"w":0.9157554507255554},"size":30.00244140625,"orthographic":false}