{"cameraMode":{"drawMode":0,"name":"Shaded","section":"Shading Mode"},"sceneLighting":false,"audioPlay":false,"sceneViewState":{"showFog":true,"showMaterialUpdate":false,"showSkybox":true,"showFlares":true,"showImageEffects":true,"showParticleSystems":true},"in2DMode":false,"pivot":{"x":0.041706159710884097,"y":0.8367788195610046,"z":0.5826427936553955},"rotation":{"x":0.1596444696187973,"y":0.7304009199142456,"z":-0.182399183511734,"w":0.6387019753456116},"size":1.7628591060638428,"orthographic":false}