{"cameraMode":{"drawMode":0,"name":"Shaded","section":"Shading Mode"},"sceneLighting":false,"audioPlay":false,"sceneViewState":{"showFog":true,"showMaterialUpdate":false,"showSkybox":false,"showFlares":true,"showImageEffects":true,"showParticleSystems":true},"in2DMode":false,"pivot":{"x":0.0,"y":-0.8829002380371094,"z":1.0182499885559083},"rotation":{"x":0.10504595935344696,"y":0.03875590115785599,"z":-0.004016730468720198,"w":0.9937622547149658},"size":4.236362934112549,"orthographic":false}