{"cameraMode":{"drawMode":0,"name":"Shaded","section":"Shading Mode"},"sceneLighting":false,"audioPlay":false,"sceneViewState":{"showFog":true,"showMaterialUpdate":false,"showSkybox":false,"showFlares":true,"showImageEffects":true,"showParticleSystems":true},"in2DMode":false,"pivot":{"x":2.690000057220459,"y":1.1233909130096436,"z":0.0},"rotation":{"x":0.1520264744758606,"y":0.5526106953620911,"z":-0.10324715077877045,"w":0.8129982948303223},"size":1.8982316255569459,"orthographic":false}