{"cameraMode":{"drawMode":0,"name":"Shaded","section":"Shading Mode"},"sceneLighting":false,"audioPlay":false,"sceneViewState":{"showFog":true,"showMaterialUpdate":false,"showSkybox":false,"showFlares":true,"showImageEffects":true,"showParticleSystems":true},"in2DMode":false,"pivot":{"x":7.527353286743164,"y":1.2108184099197388,"z":-2.3005995750427248},"rotation":{"x":0.10795475542545319,"y":0.38445836305618288,"z":-0.04523566737771034,"w":0.9157554507255554},"size":3.4959816932678224,"orthographic":false}