{"cameraMode":{"drawMode":0,"name":"Shaded","section":"Shading Mode"},"sceneLighting":false,"audioPlay":false,"sceneViewState":{"showFog":true,"showMaterialUpdate":false,"showSkybox":false,"showFlares":true,"showImageEffects":true,"showParticleSystems":true},"in2DMode":false,"pivot":{"x":0.15986357629299165,"y":1.5304906368255616,"z":5.337576866149902},"rotation":{"x":-0.36647579073905947,"y":0.020092636346817018,"z":-0.007916200906038285,"w":-0.9301801323890686},"size":1.8861780166625977,"orthographic":false}