{"cameraMode":{"drawMode":0,"name":"Shaded","section":"Shading Mode"},"sceneLighting":false,"audioPlay":false,"sceneViewState":{"showFog":true,"showMaterialUpdate":false,"showSkybox":false,"showFlares":true,"showImageEffects":true,"showParticleSystems":true},"in2DMode":false,"pivot":{"x":-2.602782726287842,"y":2.890000581741333,"z":12.848230361938477},"rotation":{"x":-0.09885185211896897,"y":0.07664186507463455,"z":-0.007636218331754208,"w":-0.9921206831932068},"size":7.661904811859131,"orthographic":false}