{"cameraMode":{"drawMode":0,"name":"Shaded","section":"Shading Mode"},"sceneLighting":false,"audioPlay":false,"sceneViewState":{"showFog":true,"showMaterialUpdate":false,"showSkybox":false,"showFlares":true,"showImageEffects":true,"showParticleSystems":true},"in2DMode":false,"pivot":{"x":0.05402548611164093,"y":0.7912136316299439,"z":1.7194219827651978},"rotation":{"x":-0.0026851757429540159,"y":0.03146732971072197,"z":0.00016493137809447944,"w":0.9995595812797546},"size":1.8446340560913087,"orthographic":false}