{"cameraMode":{"drawMode":0,"name":"Shaded","section":"Shading Mode"},"sceneLighting":false,"audioPlay":false,"sceneViewState":{"showFog":true,"showMaterialUpdate":false,"showSkybox":false,"showFlares":true,"showImageEffects":true,"showParticleSystems":true},"in2DMode":false,"pivot":{"x":-8.940696716308594e-8,"y":-0.0009365081787109375,"z":-1.1920928955078126e-7},"rotation":{"x":0.242013618350029,"y":0.022705527022480966,"z":-0.0056472113355994228,"w":0.970025360584259},"size":0.5829405188560486,"orthographic":false}