{"cameraMode":{"drawMode":0,"name":"Shaded","section":"Shading Mode"},"sceneLighting":false,"audioPlay":false,"sceneViewState":{"showFog":true,"showMaterialUpdate":false,"showSkybox":false,"showFlares":true,"showImageEffects":true,"showParticleSystems":true},"in2DMode":false,"pivot":{"x":-20.520000457763673,"y":1.8400001525878907,"z":9.490325927734375},"rotation":{"x":0.0033067185431718828,"y":0.08238217979669571,"z":-0.00019192621402908117,"w":0.9966537952423096},"size":5.734628677368164,"orthographic":false}