{"cameraMode":{"drawMode":0,"name":"Shaded","section":"Shading Mode"},"sceneLighting":false,"audioPlay":false,"sceneViewState":{"showFog":true,"showMaterialUpdate":false,"showSkybox":false,"showFlares":true,"showImageEffects":true,"showParticleSystems":true},"in2DMode":false,"pivot":{"x":-0.5055472254753113,"y":0.8409686088562012,"z":0.8376907706260681},"rotation":{"x":0.3438003361225128,"y":0.5062308311462402,"z":-0.2298184186220169,"w":0.756860077381134},"size":2.795502185821533,"orthographic":false}